"M/102","25","677","В наличии";
"100/LF3/EV01","42","12281","белая";
"100/LF5/EV01","28","13063","белая";
"100/LF8/EV01","18","13135","белая";
"69/80","24","3898","В наличии";
"338","1","1516","белый";
"SR2/3","25","1877","В наличии";
"1011","122","794","белая";
"110","10|24","11114|11114","белая|черная";
"127LХ","10","39838","белый";
"217LX","2","44745","белый";
"204LХ","7","36157","В наличии";
"204L","3","28579","бел/алюм";
"124L","10","24177","белый";
"124LХ","10","33198","В наличии";
"305LХ","13","70149","белый лак";
"304LХ","5","46838","венге";
"170 PG","2|17","18548|18548","белый|черный";
"175","1","31827","белый";
"147S","3|24","11981|11981","белый|черный";
"146 D","3|9","16383|16383","белый|черный";
"146","12|10","16383|16383","белый|черный";
"40","7|33|12","13713|13713|13713","красная|сер. металлик|черная";
"39","18|21","12774|12774","металик|черная";
"015A ","27","13063","черная";
"65","33|28","9310|9310","металик|черный|черная";
"FR1","1","2021","В наличии";
"136","87","5775","хром";
"54","69","3075","В наличии";
"408","68","5850","ЧЕРНЫЙ";
"200123","38","12225","белая";
"200124","3","14925","черная";
"200092","8","9825","белая";
"200116","5","12000","черная";
"200018","7","750","В наличии";
"200044","15","375","В наличии";
"200025","23","3300","В наличии";
"200023","61","3000","В наличии";
"200022","8","600","В наличии";
"EASY","83","9375","В наличии";
"Е22062","7","44745","белый";
"Стойка","26","4691","В наличии";
"G9861","1","14731","В наличии";
"E23072Н","5","55715","серебро";
"E23072","16","48787","черный";
"G57052B","2","82562","белый/D210/D381";
"5407N","6","25693","черная";
"3109","2","7550","В наличии";
"3105","32","7506","В наличии";
"3107","150","22156","В наличии";
"3104","6","11836","В наличии";
"3103","56","7939","В наличии";
"E12712N","26","10465","черный";
"7206","18","13857","белая";
"7206N","20","14073","черная";
"7222","23","5052","черная";
"7224","9|1","6568|6568","сиреневая|черная";
"7211","16","14434","черная";
"E/0403","1","12490","вишня";
"E/0606","4","4950","венге";
"E/0607","2","10437","венге";
"TPSPA","1","5771412","В наличии";
"THPRE","1","1095541","В наличии";
"Promo","3","78592","В наличии";
"GSAL0001P","3","49653","В наличии";
"GSJAI002P","2","48065","White";
"GSSA001P2","1","18143","wenge";
"Кож зам пог метр","9","6135","fuoco красный";
"2125","4","6135","серый";
"n 001","1","6135","черный n 001";
"GSOT050EB","5","30528","ecoblack/черное";
"GSOT022PZ","2","46160","Rosso 16";
"Promo GSBA001PN","4","47704","ecoblack";
"GSBA001PZ","2","55137","grigio 31/Blu 37";
"GAVA076POB-CMLC001BA","2","36776","K.R.Green";
"GCWI050EB","1","102119","ecoblack/черное/белая";
"Панель для спинки кресла AIDA","1","9815","черн.лак с серым рисунком";
"GAVA002PH","1","34756","В наличии";
"170090","8","16455","бежевый/серый";
"Фильтр","23","1516","В наличии";
"1000G00","3","232240","серебро/белая";
"111","4","1300","В наличии";
"K 220.7R","2","55715","В наличии";
"K 180.7R","2","27935","голубой";
"103+109","1","219177","56009";
"103-109","3","202001","белый/weiss";
"105+109+107","1","259086","White 6/белое";
"114","18","5702","белый";
"AEM 009","5","5557","В наличии";
"AQA-011","5","5557","В наличии";
"139W","1","514964","rosina/венге";
"131 LN","1|1","394331|394331","черный лак/schwarz|vega 991черный";
"187 RW","1","314873","schoko 646-1357/creme 646-1210/венге";
"90","1","280160","светлое дерево/какао 56068/песок 56009";
"159 M","2|2","314873|314873","основание венге (Х53) матрас бежевый (1182)|основание черное (U79) матрас серый (3962)";
"121 ECO","1|1","378887|378887","изумруд (1843)|коричневый";
"203+107","5|3|4|1","215497|215497|221126|221126","56009|белый/weiss|56051|серый/56032";
"213","2","336812","safran 646-1542";
"205","1|2|1","299645|299645|306213","белый/weiss|White 6|56048";
"214","2","257210","бежевое/56009";
"214+030Sакция","7","251581","weiss";
"88","5","22589","В наличии";
"030 s","4|7","18476|18476","schoko 646-1357|56009";
"070 А","5","22517","56009";
"030 s","8|1","18476|18476","White 6/белый|schwarz";
"RE01V-RE02","1","41910","венге";
"TSM800","6","40487","черный";
"199HDR","6","15372","синий металлик";
"189HDR","6","12269","белый";
"101HDR","2|18","13568|13568","серый|черный";
"836 I/cr","4","99377","хром";
"932","3","86026","В наличии";
"931","2","86026","В наличии";
"930","2","56725","хром";
"110B.56","4","99233","S79";
"115B.19L","2","103130","белый S01";
"115B.56","10","96779","Т42/Т40";
"119.7R","2","50446","Т40/Т50";
"62L.55","1","23000","S85/Н39";
"526L.G1","2","463757","белая/S79";
"519B.G1","3","210228","белая/T40/T42";
"537.G1","2","164401","белая/L09/L08";
"168/10","1","10974","В наличии";
"168/11","1","10974","В наличии";
"168/8","1","10974","В наличии";
"168/9","1","10974","В наличии";
"M0/110B","1","4619","В наличии";
"Стул DUMBO/A /red/ барный","3","8063","В наличии";
"170115","6","14290","черное";
"TUV-8W","14","760","В наличии";
"6003","13","4750","белая";
"БАЙКАЛ","36","9950","серый металлик";
"DASTI","45","6150","черный";
"СИБИРЬ","2","6000","черный";
"SD-117","2|1","4950|4950","встраиваемая/белая|темно-серая/настольная";
"Strong 207А/107II","5","19450","В наличии";
"Strong 210/105L","7","15500","В наличии";
"Strong 210/120","1","12300","В наличии";
"Strong 210/120+педаль","14","13300","В наличии";
"Мешок для вытяжки Ultratech","4","70","В наличии";
"Podomaster Professional","3","116800","В наличии";
"SD-780","1","6350","В наличии";
"Р023","845","3500","белая";
"Р023 ОБРЕШЕТКА","94","3500","белая";
"на платформе","21","1980","В наличии";
"РВБ-60 М","39","5900","В наличии";
"АВЕРСУС","5","44000","клен";
"ТМ06-02","1","6766","белый/хром";
"JX-A04","5675","2728","В наличии";
"JX-A04-1","189","3300","В наличии";
"Гофра для узла наклона малого","30","138","В наличии";
"R-001","443","2750","В наличии";
"JX-PT6","502","1375","В наличии";
"JX-R013","116","2750","В наличии";
"JX-SLT5+JX-PT6","1640","2860","В наличии";
"JX-SLT5","62","1925","В наличии";
"F-025/500N","598","248","В наличии";
"F-030","400","39","В наличии";
"B-080","4","1485","В наличии";
"F-015","3383","462","В наличии";
"JX-096","3064","1705","В наличии";
"JX-403","1382","1705","хром";
"JX-J011","916","2035","В наличии";
"JX-0331+обрешетка","14|22","5940|5940","белая|черная";
"JX-020+обрешетка","20|5","6820|6820","белая|черная";
"JX-0331+JX-QS04","115|139","5940|5940","белая|черная";
"JX-020+JX-QS04","1|100","6820|6820","белая|черная";
"Резинки для узла наклона большого","1779","110","В наличии";
"JX-QSQ4","80","660","В наличии";
"JX-QSQ5","237","550","В наличии";
"DZ03","898","1375","В наличии";
"DZ02","429","1100","В наличии";
"RD-75H","78","7900","В наличии";
"RD-75R","61","7900","В наличии";
"RD-75S","37","7900","В наличии";
"ASN-45W","15","6678","В наличии";
"H18TC","3","5544","В наличии";
"H54TC","38","14364","В наличии";
"VGT-2000","129","5355","В наличии";
"71-240","29","1827","хром";
"71-350","18","1890","хром";
"h10916","1","851","В наличии";
"h10432","373","3339","В наличии";
"h10430","50","8820","В наличии";
"h10405","1128","1008","В наличии";
"h10407","760","3150","В наличии";
"h10434-01","69","2961","настольная/белая";
"h10434-15","59","2961","настольная/черная";
"h10417","767","63","В наличии";
"h10420","468","284","В наличии";
"Лампа 11W для h10450 и h10451","212","278","В наличии";
"Лампа 20W для h10452","49","390","В наличии";
"h10450-01","310","1670","белая";
"h10452-17","296","3024","серебро";
"h10453-17","117","5544","серебро";
"h10450-15","95","1670","черная";
"Лампа LED 48pcs для h10440/h10441","35","1638","В наличии";
"Лампа LED 60pcs для h10445 SMD","19","2142","В наличии";
"Лампа LED 80pcs для h10445/h10446/h10447","34","2142","В наличии";
"Лампа T5 22W для h10442/h10443/h10444","45","504","В наличии";
"h10445 SMD-3D","127","6300","В наличии";
"h10442","97","4347","В наличии";
"h10445 SMD-5D","193","6489","В наличии";
"h10443","300","4977","В наличии";
"h10445 SMD-8D","81","6678","В наличии";
"h10444","89","5355","В наличии";
"h10449","201","3717","В наличии";
"h10448","109","5544","В наличии";
"h10412","917","567","В наличии";
"h10416","1205","189","В наличии";
"h10413-150","395","945","В наличии";
"h10413-240","419","945","В наличии";
"h10413-80","404","945","В наличии";
"h10411оборуд","146","252","В наличии";
"h10408-01","410","3528","В наличии";
"h10408-03","370","3528","розовый";
"h10435","113","3276","В наличии";
"h10403","866","3150","В наличии";
"h10437","428","3150","В наличии";
"h10438","1555","3150","В наличии";
"h10439","361","6615","В наличии";
"h10418","359","504","В наличии";
"h10419","329","504","В наличии";
"h10421","339","504","В наличии";
"h10422","380","504","В наличии";
"4008","1","192780","черное/белая";
"9001","824","2048","В наличии";
"6001","150","11088","черная";
"ящик","14","882","В наличии";
"ZD-SPA1 ","15","28665","белая";
"ZD-2100","9","9135","В наличии";
"ZD-2101","8","27720","В наличии";
"ZD-848-4","7|4","115920|115920","белое 014|голубое 017";
"ZD-346A","9","32445","белое 014";
"ZD-848-3А","8|9","100170|100170","белое 014|песочно-желт.013";
"ZD-F10 ","4|29","9639|9639","белая 014|черная 020";
"ZD-132В","20","4900","венге";
"М-3016 A","165","9450","серебро";
"M-3016 B","52","9450","черная";
"ZC-989E","400","2709","В наличии";
"ZC-989L","25","4347","В наличии";
"ZC-WW12","141","126","В наличии";
"ZC-WW13/1","661","473","В наличии";
"ZC-WW13","66","473","В наличии";
"DL.T615","97|547","5922|5922","синяя|черная";
"Аква 3","45|42","8000|8000","Серый|Черный";
"Каркас 6820 "Надир" С/И","139","5400","В наличии";
"КК-01 С/И","18","8250","В наличии";
"КСМ-01 С/И","7","4860","В наличии";
"КСМ-02 С/И","14","5170","В наличии";
"ПК-01 С/И","36","8100","В наличии";
"ПК-012","179","8100","В наличии";
"Каркас ПК-03 "Маша" С/И","109","12550","В наличии";
"Каркас Подставка 3-х лучевая для ноги С/И","35","1580","В наличии";
"Каркас Подставка 4-х лучевая для ноги С/И","288","1580","В наличии";
"СП мини С/И","66","4500","В наличии";
"ШМЛ-2 С/И","44|3","2900|4100","Белый|Синий";
"ШМЛ-3 С/И","4|5","4200|5950","Белый|Синий";
"ЗП-V10","7","9990","Алюминий";
"ЗП-V5/7","9","9900","Алюминий";
"ЗП-PV","12","7990","Алюминий";
"КН-ДНГ","13","360","В наличии";
"Эбони светлый, столешница белый глянец /ТОЧКА/","2|1","8100|8500","Эбони светлый/глянец/белый|Эбони светлый/глянец/белый";
"Сантехника","33","2900","В наличии";
"Белый","5|5","5479|7563","Белый|Белый";
"Венге","4","7563","Венге";
"Титан","5","7563","Титан";
"ДВН С/И","470","2440","В наличии";
"ДВ С/И","194","2300","В наличии";
"РТ-АГТ","12|4|15","4350|4350|4350","Беленый дуб/венге|Титан|Черный";
"РТ-В1","15","13900","В наличии";
"РТ-В2","16","21450","В наличии";
"РТ-Г1","18","7650","Черный";
"Зеркало для Галери","37","2180","В наличии";
"РТ-ДМГ2","2|13|23","37290|12000|12000","Серебро K01 Lucida/Эбони светлый|Венге|Черный Артекс";
"РТ-ДТ","1","29900","Титан";
"РТ-ИЛ","27|36|35","6600|6600|6600","беленый дуб/Венге|Титан|Черный";
"РТ-ЛГ","33","10450","Слоновая кость DPCV/Коричневый DPCV-37/венге";
"РТ-МЗК","6|1","9500|9500","Серебро|Черный";
"РТ-ЭКМз","1","5000","Черный";
"Р-ВРН","5|2|7","21000|21000|21000","Венге|Титан/К01|Черный";
"Р-ВЗН","4|7|5","19900|19900|19900","Венге|Серебро K01 Lucida/Титан/хром";
"Р-ГН","7","13500","беленый дуб/Венге";
"Р-ДГ","7","19500","Венге";
"Р-КСН","3|3","19900|19900","Красный/глянец/Титан";
"Р-ЛГ","1","15100","слоновая кость/венге";
"СМ-БЖ","34|6|15|13","4600|5500|5500|5500","Белый|Синий|Титан|Черный";
"СМ-БТ2","9|4","8000|8000","Венге|Титан";
"СМ-КТН","46|79|24|51|17|1","4900|4900|4900|5700|5700|5700","Беленый дуб|Белый|Венге|Титан|Черный|Черный Артекс";
"СМ-К1","9|5|2","11000|12100|12100","Венге|Клен|Черный Артекс";
"СМ-ЛКС","6|18|7|13|7|15","3300|3300|3300|3300|3300|3300","Беленый дуб|Белый|Венге|Титан|Черный";
"СМ-ЭТ2","2|10","9500|9500","Белоснежный|Белый";
"СМ-ЭТ1","24|10|6|16|8","7500|7500|7500|7500|7500","Беленый дуб|Белоснежный|Белый|Венге|Титан";
"ТМ-ЛКС","4|5|7|1|1|4|4","2300|2300|2300|2530|2530|2300|2300","Беленый дуб|Белый|Венге|Вишня|Ольха|Титан|Черный";
"СК-КР","11|9","16900|16900","Бук|Венге";
"СК-ЗТ","144","3900","Белый";
"СК-ТР","150","4900","Белый";
"СК-СПМст","21","6700","В наличии";
"Эстет","15","7500","Белый";
"КТ-УФО","23","18800","Белый";
"Ш-2-ст","8|4|3","10950|12045|10950","Белый|Синий|Титан";
"Венге","1","7227","Венге";
"Титан","6","6570","Титан";
"Эбони светлый","2","6500","Эбони светлый";
"Белый","2","3600","Белый";
"Титан","1","3600","Титан";
"Черный","3","3012","Черный";
"ВМ-50","99|2|73|65|84","600|660|600|600|600","Белый 9001 скаден|Красный ЕКОТАР 3006|Серебро DILA 1112|Слоновая кость DPCV|Черный 600";
"ВМ-35","102|15|4","450|450|450","Белый 9001 скаден|Слоновая кость DPCV|Черный 600";
"ВМ-и","14|5","390|390","Белый 9001 скаден|Серебро 7147";
"ВМС","41|23","1100|1100","Белый 9001 скаден|Слоновая кость DPCV";
"До-ЛГ","6","19600","слоновая кость DPCV/коричневый";
"Остер","3|10|2|25|4","10900|10900|10900|10900|10900","Коричневый DPCV-37|Красный ЕКОТАР 3006|Серебро 7147|Синий 5118|Черный BENGAL 20599";
"К-АРТ","2|12","5605|5605","Красный ЕКОТАР 3006|Черный 600";
"К-АРТм","4|3|4","5605|5605|5605","Красный 3022 скаден|Красный ЕКОТАР 3006|Черный 600";
"К-ГЛР","7|15|6|41","8067|8067|8067|8067","Коричневый DPCV-37|Красный ЕКОТАР 3006|Серебро 7147|Черный 600";
"К-ГЛРм","11|8|1|20","7605|7605|7605|7605","Коричневый DPCV-37|Красный ЕКОТАР 3006|Серебро 7147|Черный 600";
"Ко-ЛГ","1","15430","слоновая кость DPCV/коричневый";
"Ко-МТР","2","11450","Коричневый DPCV-37";
"К-ДМН","31","7605","Черный 600";
"К-ДМНм","4","20245","Черный 600";
"К-ИНС","3|20|6|1|53|2","8105|8105|8105|8915|8105|8915","Бежевый BENGAL 20542|Красный ЕКОТАР 3006|Серебро 7147|Фиолетовый ЕКОТАР 5005|Черный 600/Чёрный 600";
"К-ИНСм","2|4|1|1|18","8105|8105|8105|8915|8105","Бежевый BENGAL 20542|Красный ЕКОТАР 3006|Серебро 7147|Синий 5118|Черный 600";
"К-КСК","33|56|69|1","8105|8105|8105|8915","Коричневый BENGAL 21134/Бежевый BENGAL 20542|слоновая кость DPCV/Коричневый DPCV-37|Черный 600";
"К-КСКм","6|24|30","8105|8105|8105","Коричневый BENGAL 21134/Бежевый BENGAL 20542|слоновая кость DPCV/Коричневый DPCV-37|Черный 600";
"К-КН+","59|16|39|7|30|74","3605|3605|3605|3965|3605|3605","Коричневый DPCV-37|Красный ЕКОТАР 3006|Серебро 7147|Серебро DILA 1112|Синий 5118|Черный 600";
"К-КН+м","23|24|15|2|14|101","3605|3605|3605|3965|3605|3605","Коричневый DPCV-37|Красный ЕКОТАР 3006|Серебро 7147|Серебро DILA 1112|Синий 5118|Черный 600";
"К-КН+п","48","5100","Черный 600";
"К-КН+пх","88","4395","Черный 600";
"К-КНФ","15|7","8905|8905","Красный ЕКОТАР 3006|Черный 600";
"К-КНФм","1|9|6","9835|8905|8905","Красный 3022 скаден|Красный ЕКОТАР 3006|Черный 600";
"КК-6906","41|10","24200|24200","Белый 9001 скаден|Слоновая кость DPCV";
"КК-8089","19|55","16500|16500","Белый 9001 скаден|Слоновая кость DPCV";
"КК-Пр4","7|5","89500|89500","Light grey 51210|Taupe 97510";
"К-ЛГ","62|14|1|17|38|39|4|11|1","7805|7805|8585|9367|9367|9367|9367|9367|10297","слоновая кость DPCV/Коричневый DPCV-37|Коричневый BENGAL 21134/Бежевый BENGAL 20542|Черный 600|красный ЕКОТАР 3006|Черный BENGAL 20599/белый BENGAL 20544|Черный бархат ASTOR 0705";
"К-ЛГм","4|9|17|31|1","8905|8905|8905|8905|8905","Коричневый BENGAL 21134/Бежевый BENGAL 20542|слоновая кость DPCV|Черный 600|Красный ЕКОТАР 3006|Черный BENGAL 20599/белый BENGAL 20544";
"К-ЛР","2|1|4","9367|9367|9367","Красный ЕКОТАР 3006|Серебро KAPITONE 1112|Черный 600";
"К-ЛРм","5|1|6|4|9","9835|9835|8905|9835|8905","Коричневый FUTURO 3659|Красный 3022 скаден|Красный ЕКОТАР 3006|Серебро 7147|Серебро KAPITONE 1112";
"К-ЛРпх","4","9365","Коричневый FUTURO 3659";
"К-ЛНм","4","7605","Черный 600";
"К-МЛН","9|5|1|11","8905|8905|9835|8905","Бронза KAPITONE 3163|Серебро DILA 1112|Серебро PRL DIVA 1112|Черный BENGAL 20599/белый BENGAL 20544";
"К-МЛНм","1|5","8905|8905","Бронза KAPITONE 3163|Серебро DILA 1112";
"К-МН","20","8005","Черный 600";
"К-МНм","3","8005","Черный 600";
"Коричневый DPCV-37","2","8005","Коричневый DPCV-37";
"ПК-НДР","10","9750","Белый 9001 скаден";
"ПК-НДРх","5|22|17","8795|8795|8795","Коричневый DPCV-37|Слоновая кость DPCV|Черный 600";
"К-НКЛ","10|45|14","8105|8105|8105","Коричневый DPCV-37|Красный ЕКОТАР 3006|Черный 600";
"К-НКЛм","7|2|6|2|18","8105|8105|8105|8915|8105","Бронза KAPITONE 3163|Коричневый DPCV-37|Красный ЕКОТАР 3006|Морская волна 435-7|Черный 600";
"ПК-01+","1","14800","Белый 9001 скаден";
"ПК-Пф","4|4|1","64900|64900|64900","Light grey 51210|Taupe 97510|Stone F646-1608";
"К-ПРЖ","8","16067","слоновая кость DPCV/Коричневый";
"К-СМЛ+","9|7","11067|11067","Коричневый DPCV-37/Оранжевый 1017|Черный 600";
"К-СМЛ+м","7","11705","Черный 600";
"К-СЛ","49|43|16|22|107","4605|4605|4605|4605|4605","Коричневый DPCV-37|Красный ЕКОТАР 3006|Серебро 7147|Синий 5118|Черный 600";
"К-СЛм","8|15|3|6|34","4605|4605|4605|4605|4605","Коричневый DPCV-37|Красный ЕКОТАР 3006|Серебро 7147|Синий 5118|Черный 600";
"К-СЛп","30","6820","Черный 600";
"К-СЛпх","38","5595","Черный 600";
"К-СФ","11|20","12167|12167","Коричневый DPCV-37|Черный 600";
"К-ЧСТ","5|5|32","4605|4605|4605","Коричневый DPCV-37|Серебро 7147|Черный 600";
"К-ЧСТм","3|11|7","4605|4605|4605","Коричневый DPCV-37|Серебро 7147|Черный 600";
"К-Эв-с","2|7","24030|21845","Амазонас 003339|Черный 600";
"Коричневый DPCV-37","20","21845","Коричневый DPCV-37";
"Красный ЕКОТАР 3006 (3022)","5","21845","Красный ЕКОТАР 3006";
"Черный 600","13","21845","Черный 600";
"К-Эпс","3|8|1|21","7105|7105|7815|7105","Коричневый DPCV-37|Красный ЕКОТАР 3006|Синий 5118|Черный 600";
"КСМ-608А","8|14","15900|15900","Белый 9001 скаден|Слоновая кость DPCV";
"КМ-РС2","5","94700","creme F646-1210/Венге";
"ХИТЭК-СИБИРЬ","3","2893","Желтый 1089";
"КК-01","9|6","5250|5250","Белый 9001 скаден|Слоновая кость DPCV";
"КК","4|6","9381|9381","Белый 9001 скаден|Слоновая кость DPCV";
"КСМ","26|22|16|14","4640|4640|5630|5630","Белый 9001 скаден|Слоновая кость DPCV";
"ПК-012","34|33|18","7400|7400|7400","Белый 9001 скаден|Слоновая кость DPCV|Черный 600";
"Белый 9001 скаден","11","12450","Белый 9001 скаден";
"Слоновая кость DPCV","60","12450","Слоновая кость DPCV";
"Черный 600","43","12450","Черный 600";
"Коричневый DPCV-37","40","7560","Коричневый DPCV-37";
"Красный ЕКОТАР 3006","22","7560","Красный ЕКОТАР 3006";
"Серебро 7147","35","7560","Серебро 7147";
"Синий 5118","31","7560","Синий 5118";
"Слоновая кость DPCV","40","7560","Слоновая кость DPCV";
"Черный 600","105","7560","Черный 600";
"Белый 9001 скаден","9","4550","Белый 9001 скаден";
"Слоновая кость DPCV","9","4550","Слоновая кость DPCV";
"Черный 600","5","4550","Черный 600";
"Белый 9001 скаден","249","520","Белый 9001 скаден";
"Коричневый DPCV-37","15","520","Коричневый DPCV-37";
"Красный ЕКОТАР 3006","27","520","Красный ЕКОТАР 3006";
"Серебро 7147","59","520","Серебро 7147";
"Синий 5118","28","520","Синий 5118";
"Слоновая кость DPCV","170","520","Слоновая кость DPCV";
"Черный 600","434|15","520|520","Черный 600|Черный 600";
"СД-Ю","72|1|99|98|65|334","1500|2160|1500|1500|1500|1500","Коричневый DPCV-37|Коричневый FUTURO 3659|Красный ЕКОТАР 3006|Серебро 7147|Синий 5118|Черный 600";
"","34","150","В наличии";
"СМ-ДМГн","3","5300","Коричневый BENGAL 21134";
"Со-КТ","2|35|13|30|54","2400|2400|2400|2400|2400","Белый 9001 скаден|Коричневый DPCV-37|Серебро 7147|Слоновая кость DPCV|Черный 600";
"СМ-ПРв","4|28|25|5|8|24|121|13|4|4|1|1","3200|3200|3200|3200|3200|3200|3200|3200|3200|3200|3520|3200","Бежевый BENGAL 20542|Белый скаден 9001|Коричневый DPCV-37|Серебро 7147|Бронза KAPITONE 3163|Слоновая кость DPCV|Черный 600|Белый 9001 скаден|Коричневый BENGAL 21134|Серебро KAPITONE 1112";
"СМ-ПРн","21|11|30|76","2800|2800|2800|2800","Красный ЕКОТАР 3006|Серебро 7147|Белый 9001 скаден|Черный 600";
"СМ-С10в","7|38|13|1","4900|4900|4900|4900","Белый скаден 9001|Слоновая кость DPCV|Черный 600|Белый 9001 скаден";
"СМ-С10н","10|46","4300|4300","Белый 9001 скаден|Слоновая кость DPCV";
"СМ-С11в","4|1","4900|4900","Коричневый DPCV-37|Черный 600";
"СМ-С11н","12|8|1","4300|4730|4730","Белый скаден 9001|Коричневый DPCV-37|Желтый 1089";
"СМ-С7в","29|23|11|7","4600|4600|4600|5060","Белый скаден 9001|Слоновая кость DPCV|Черный 600|Желтый кит. 034";
"СМ-С7н","43|20|11","4000|4000|4000","Белый скаден 9001|Слоновая кость DPCV|Черный 600";
"СМ-СНР","5|13|33|23|42|13|7|49|47","2650|2650|2650|2650|2650|2650|2915|2650|2650","Красный ЕКОТАР 3006|Белый 9001 скаден|Коричневый DPCV-37|Серебро 7147|Синий 5118|Синий мет. кит. 002|Слоновая кость DPCV|Черный 600";
"СМ-СНР+","77|50|84|30|5|74","3800|3800|3800|3800|3800|3800","Коричневый DPCV-37|Серебро 7147|Белый 9001 скаден|Серебро KAPITONE 1112|Слоновая кость DPCV|Черный 600";
"СМ-СНРск","81|40|100","2650|2650|2650","Белый|Слоновая кость DPCV|Черный 600";
"красный","1","280000","красный";
"огн.терракот. ","1","529000","огн.терракот.";
"ультрамарин","1","529000","ультрамарин";
"крист.белый","1","530000","крист.белый";
"35004","4","102128","В наличии";
"35003","2","102128","В наличии";
"35000","2","7250","В наличии";
"35002","3","24896","В наличии";
"17431","1","68557","В наличии";
"17432","4","78013","В наличии";
"19053","1","73909","В наличии";
"74412","2","5563","В наличии";
"74249","28","722","В наличии";
"74201","2","773","В наличии";
"74013","52","269","В наличии";
"74221","151","1350","В наличии";
"74024","52","277","В наличии";
"74428","4","1992","В наличии";
"74408","1","1626","В наличии";
"4553","1","4168","В наличии";
"12185","1","1568","В наличии";
"13606","1","6667","красная";
"13602","1","18269","красная";
"21025","4","10321","В наличии";
"16892","1","10571","В наличии";
"18538","3","10719","В наличии";
"18437","1","5135","В наличии";
"17243","2","14046","В наличии";
"13573","1","12327","синий";
"V5 пластиковая панель колонны старая","1","6797","В наличии";
"18434","1","8083","В наличии";
"13569","1","6285","В наличии";
"14578","2","2238","В наличии";
"14576","2","2454","В наличии";
"13559","1","10214","В наличии";
"V7 (Lumina V) Задняя панель (металл)","1","18481","В наличии";
"18433","1","6797","В наличии";
"17312","2","9241","прозрачная";
"V9 корпус солярия","3","17816","синий";
"14730","1","16335","В наличии";
"V5 колонки для солярия (2шт.)","21","1668","В наличии";
"Бескапельный душ Q-sens","5","124131","В наличии";
"14956","3","24543","В наличии";
"21945","7","86286","В наличии";
"3699","2","6164","В наличии";
"Citrus","26","11459","В наличии";
"Exotic","27","14933","В наличии";
"Ocean","12","9019","В наличии";
"21980","7","93329","В наличии";
"Универсальный цифровой таймер TFS-CP 3.0","19","17434","В наличии";
"15684","3","1056","В наличии";
"15497","113","1408","В наличии";
"16522","1","1108","В наличии";
"16370","30","1549","В наличии";
"16661","150","1002","В наличии";
"16645","100","1056","В наличии";
"16290","19","1408","В наличии";
"16719","85","1848","В наличии";
"16730","243","2288","В наличии";
"13603","37","932","В наличии";
"12801","33","880","В наличии";
"15898","58","1232","В наличии";
"12817","99","1144","В наличии";
"12825","58","1707","В наличии";
"22796","23","1584","В наличии";
"27355","455","2102","В наличии";
"18460","168","1936","В наличии";
"12829","2","8451","В наличии";
"16243","866","1390","В наличии";
"75000","10","30974","В наличии";
"15876","4","8501","В наличии";
"16120","6","8501","В наличии";
"15875","7","8501","В наличии";
"16781","5","8501","В наличии";
"16780","5","8501","В наличии";
"16779","5","8501","В наличии";
"71180","209","124","В наличии";
"71160","903","98","В наличии";
"QUASAR","91","124","В наличии";
"71204","3","311","В наличии";
"12165","1","9610","В наличии";
"17042","1","15746","В наличии";
"17044","1","18555","В наличии";
"17046","2","9832","В наличии";
"13558","14","6604","В наличии";
"13553","8","10566","В наличии";
"9974","1","25874","В наличии";
"11274","3","23816","В наличии";
"3001020000","7","1449","В наличии";
"3008021000","14","6521","В наличии";
"3004021000","3","6275","В наличии";
"3006021000","4","6398","В наличии";
"3011020300","13","486","В наличии";
"91000-4","188","948","В наличии";
"2105010000","173","324","В наличии";
"2105040000","239","72","В наличии";
"2103010000","581","279","В наличии";
"2103040000","2863","65","В наличии";
"2101010000","450","259","В наличии";
"2101040000","1931","59","В наличии";
"2106010000","386","259","В наличии";
"2106040000","1572","52","В наличии";
"2104010000","904","289","В наличии";
"2104040000","3135","69","В наличии";
"2102010000","758","276","В наличии";
"2102040000","1520","63","В наличии";
"201000000","41","616","В наличии";
"202000000","13","678","В наличии";
"203040000","1093","140","В наличии";
"203000000","44","739","В наличии";
"1705040000","746","127","В наличии";
"1705020000","238","892","В наличии";
"1703040000","414","121","В наличии";
"1703020000","125","831","В наличии";
"1702040000","430","124","В наличии";
"1702020000","80","862","В наличии";
"1704040000","289","124","В наличии";
"1704020000","153","862","В наличии";
"1706030000","174","1073","В наличии";
"1701040000","517","115","В наличии";
"1701020000","108","800","В наличии";
"512040000","556","180","В наличии";
"512010000","98","1231","В наличии";
"511040000","418","170","В наличии";
"511010000","103","1170","В наличии";
"702040000","389","219","В наличии";
"701040000","75","201","В наличии";
"701000000","66","1170","В наличии";
"1801010000","583","431","В наличии";
"1802010000","478","493","В наличии";
"103010000","889","470","В наличии";
"103040000","5531","88","В наличии";
"101010000","589","441","В наличии";
"101040000","2760","78","В наличии";
"104010000","868","470","В наличии";
"104040000","4804","88","В наличии";
"102010000","828","441","В наличии";
"102040000","2727","78","В наличии";
"106010000","276","505","В наличии";
"106040000","1531","95","В наличии";
"107010000","504","535","В наличии";
"105010000","430","441","В наличии";
"105040000","1261","78","В наличии";
"315011000","65","1001","В наличии";
"315040000","220","191","В наличии";
"315010300","83","425","В наличии";
"319020000","33","954","В наличии";
"311040000","305","155","В наличии";
"311022000","81","862","В наличии";
"311010500","147","339","В наличии";
"316022000","137","885","В наличии";
"312040000","503","155","В наличии";
"312022000","127","862","В наличии";
"312010500","186","339","В наличии";
"318020000","25","831","В наличии";
"313040000","495","158","В наличии";
"313022000","104","892","В наличии";
"313010500","298","355","В наличии";
"317022000","44","953","В наличии";
"314040000","465","158","В наличии";
"314022000","64","892","В наличии";
"314010500","184","355","В наличии";
"621010000","2035","546","В наличии";
"622010000","1847","552","В наличии";
"1601040000","121","173","В наличии";
"1601020000","42","1201","В наличии";
"1602040000","283","179","В наличии";
"1602020000","59","1231","В наличии";
"2011040000","318","148","В наличии";
"2011020000","88","892","В наличии";
"2012040000","804","155","В наличии";
"2012020000","133","954","В наличии";
"101-001","433","659","В наличии";
"91000-6","14","1138","В наличии";
"1629","364","452","В наличии";
"1700071310","9","1","В наличии";
"1700071320","11","1","В наличии";
"1700071300","9","1","В наличии";
"500071300","2","1","В наличии";
"100071300","3","1","В наличии";
"1800071300","5","1","В наличии";
"600071300","3","1","В наличии";
"71300","33","1","В наличии";
"2300071100","4","1","В наличии";
"700071400","1","1","В наличии";
"100071100","1","1","В наличии";
"800071102","20","1","В наличии";
"800071101","14","1","В наличии";
"71121","709","1","В наличии";
"2200071100","359","1","В наличии";
"B-14020010","13","380","голубой";
"W-8020010","19","190","белый";
"P-16020020","77","637","В наличии";
"B-2030200","41","245","белый";
"B-2030100","4","245","голубой";
"4040200","51","511","В наличии";
"45-100B","79","414","В наличии";
"52-100","61","414","В наличии";
"45-100S","45","414","В наличии";
"302307","917","37","В наличии";
"1700055","174","19","В наличии";
"3860004","13","362","белая";
"3860003","34","362","В наличии";
"1705040001","4","42","В наличии";
"1701040001","67","34","В наличии";
"512040001","1","42","В наличии";
"511040001","1","42","В наличии";
"20660022","10","388","В наличии";
"20660019","17","388","В наличии";
"20660040","24","692","В наличии";
"20660023","24","388","Бирюза";
"20660005","10","388","В наличии";
"20660012","18","388","В наличии";
"20660043","11","388","В наличии";
"20660002","3","388","В наличии";
"20660004","11","388","В наличии";
"20660000","24","692","В наличии";
"20660018","12","388","В наличии";
"30660015","2405","127","В наличии";
"30660010","4222","127","В наличии";
"30660003","1808","127","В наличии";
"30660005","1089","127","В наличии";
"30660019","1233","127","В наличии";
"30660030","1286","127","Бирюза";
"30660002","1855","127","В наличии";
"30660004","974","127","В наличии";
"30660006","1314","127","В наличии";
"30660031","1395","127","Золото";
"30660016","4450","127","В наличии";
"30660011","1126","127","В наличии";
"30660007","605","127","В наличии";
"30660000","4357","127","В наличии";
"30660009","640","127","В наличии";
"30660001","2141","127","В наличии";
"30660008","1240","127","Розовый";
"30660017","2260","127","В наличии";
"10660025","127","917","В наличии";
"10660022","117","917","Желтый";
"10660023","341","917","В наличии";
"10660024","141","917","Розовый/титан";
"SIE0173","63","1401","желтый";
"SIE2201","115","1401","В наличии";
"SIE0060","184","1401","розовый";
"SIE0059","193","1401","фуксия";
"20010013","90","324","В наличии";
"20010012","166","719","В наличии";
"10660009","83","964","В наличии";
"10660016","31","650","В наличии";
"20010020","4","783","В наличии";
"20010018","8","313","В наличии";
"10660019","19","430","В наличии";
"10660040","12","1043","В наличии";
"10660018","33","430","В наличии";
"10660039","13","939","В наличии";
"10660010","47","991","В наличии";
"40660001","60","699","В наличии";
"10660011","48","636","В наличии";
"1010660059","237","730","В наличии";
"10660032","29","678","В наличии";
"10660031","25","678","В наличии";
"10660026","12","636","В наличии";
"10660008","19","636","В наличии";
"80660000","81","730","В наличии";
"R12853","186","206","В наличии";
"10660027","34","636","В наличии";
"10660028","11","636","В наличии";
"10660029","5","636","В наличии";
"10660034","60","730","В наличии";
"50660007","49|44|86|33","1701|1701|1701|1701","розовый|желтый|фуксия|бирюза";
"50660004","57|29|23|55","1701|1701|1701|1701","розовый|желтый|фуксия|бирюза";
"50660003","20|36|20|48","1701|1701|1701|1701","розовый|желтый|фуксия|бирюза";
"50660008","38|29|32|27","1701|1701|1701|1701","желтый|фуксия|бирюза|розовый";
"50660006","42|51|45|69","1701|1701|1701|1701","розовый|желтый|фуксия|бирюза";
"50660005","32|54|58|45","1701|1701|1701|1701","розовый|желтый|фуксия|бирюза";
"70660005","126","772","В наличии";
"70660007","272","407","В наличии";
"70660003","95","772","В наличии";
"70660002","426","407","В наличии";
"70660000","90","772","Розовый";
"70660001","197","407","Розовый";
"70660004","76","772","В наличии";
"70660006","255","407","В наличии";
